F1/train,F1/val,epoch,step,val_loss
,0.38013651967048645,0,192,0.8190851211547852
0.35102570056915283,,0,192,
,0.3960440456867218,1,385,0.9123948812484741
0.3863693177700043,,1,385,
,0.3946378231048584,2,578,0.8133690357208252
0.39043453335762024,,2,578,
,0.3899708092212677,3,771,0.8127068877220154
0.38027146458625793,,3,771,
,0.3348211348056793,4,964,0.8510446548461914
0.39831680059432983,,4,964,
,0.36084672808647156,5,1157,0.8407276272773743
0.4034079313278198,,5,1157,
,0.3369657099246979,6,1350,0.8360130786895752
0.4015556573867798,,6,1350,
,0.38689154386520386,7,1543,0.7997027635574341
0.4086810052394867,,7,1543,
,0.4034700095653534,8,1736,0.8242157101631165
0.40995967388153076,,8,1736,
,0.44026920199394226,9,1929,0.8197985291481018
0.4255213439464569,,9,1929,
,0.4241163432598114,10,2122,0.787155270576477
0.4366879165172577,,10,2122,
,0.42801183462142944,11,2315,0.8243580460548401
0.4461800158023834,,11,2315,
,0.3918435573577881,12,2508,0.8044472336769104
0.4396028220653534,,12,2508,
,0.4090801775455475,13,2701,0.7821546196937561
0.4522673189640045,,13,2701,
,0.42538824677467346,14,2894,0.897338330745697
0.4661863148212433,,14,2894,
,0.4503444731235504,15,3087,0.8767670392990112
0.487229585647583,,15,3087,
,0.46642744541168213,16,3280,0.8983308672904968
0.4881625175476074,,16,3280,
,0.46329444646835327,17,3473,0.8358466625213623
0.5262299180030823,,17,3473,
,0.5122231245040894,18,3666,0.8276395201683044
0.532574474811554,,18,3666,
,0.43303003907203674,19,3859,1.2820279598236084
0.5558760762214661,,19,3859,
,0.45617860555648804,20,4052,1.0221352577209473
0.5871911644935608,,20,4052,
,0.4518619477748871,21,4245,0.8486812710762024
0.6278017163276672,,21,4245,
,0.44327569007873535,22,4438,1.1209558248519897
0.6545057892799377,,22,4438,
,0.44323283433914185,23,4631,1.0006821155548096
0.6915627717971802,,23,4631,
,0.42370229959487915,24,4824,0.9698969721794128
0.7296812534332275,,24,4824,
,0.5226737260818481,25,5017,1.198085904121399
0.7582457065582275,,25,5017,
,0.46493107080459595,26,5210,1.1480213403701782
0.7998186945915222,,26,5210,
,0.47090399265289307,27,5403,1.0626425743103027
0.816758930683136,,27,5403,
,0.4817136824131012,28,5596,1.3723044395446777
0.8645339608192444,,28,5596,
,0.5377494692802429,29,5789,1.3636448383331299
0.8630518913269043,,29,5789,
,0.4841010272502899,30,5982,1.5937556028366089
0.8882209062576294,,30,5982,
,0.5320346355438232,31,6175,1.3271920680999756
0.8836962580680847,,31,6175,
